{
 "source": "MASC (Manually Annotated Sub-Corpus of the Open American National Corpus), professional/business written registers; produced 1990+; public domain / unrestricted.",
 "n_files": 244,
 "approx_words": 243363,
 "registers": [
  "blog",
  "email",
  "essays",
  "govt-docs",
  "journal",
  "letters",
  "newspaper",
  "non-fiction",
  "technical",
  "travel-guides"
 ],
 "structural": {
  "sentence_length_mean": [
   18.33,
   4.72
  ],
  "frac_short_under10": [
   0.2693,
   0.1712
  ],
  "frac_long_over30": [
   0.1397,
   0.1095
  ],
  "semicolons_per1k": [
   2.313,
   3.97
  ],
  "dashes_per1k": [
   3.79,
   6.837
  ]
 },
 "word_norms_mean_sd": {
  "the": [
   0.049195,
   0.019254
  ],
  "of": [
   0.025855,
   0.013323
  ],
  "and": [
   0.024441,
   0.011778
  ],
  "to": [
   0.029858,
   0.011161
  ],
  "a": [
   0.020288,
   0.011601
  ],
  "in": [
   0.017633,
   0.010651
  ],
  "that": [
   0.01052,
   0.006899
  ],
  "is": [
   0.009884,
   0.007462
  ],
  "for": [
   0.010765,
   0.006927
  ],
  "with": [
   0.007116,
   0.005517
  ],
  "it": [
   0.00686,
   0.006236
  ],
  "on": [
   0.00696,
   0.005892
  ],
  "as": [
   0.005843,
   0.005144
  ],
  "by": [
   0.005277,
   0.004694
  ],
  "i": [
   0.008461,
   0.011636
  ],
  "are": [
   0.005236,
   0.005151
  ],
  "this": [
   0.005987,
   0.005677
  ],
  "be": [
   0.005483,
   0.004477
  ],
  "from": [
   0.005778,
   0.005984
  ],
  "you": [
   0.008529,
   0.0098
  ],
  "was": [
   0.003952,
   0.005392
  ],
  "'s": [
   0.00579,
   0.007798
  ],
  "not": [
   0.003805,
   0.004973
  ],
  "at": [
   0.004582,
   0.004298
  ],
  "or": [
   0.005128,
   0.006001
  ],
  "an": [
   0.004083,
   0.004167
  ],
  "have": [
   0.004731,
   0.004557
  ],
  "we": [
   0.004681,
   0.006536
  ],
  "will": [
   0.004326,
   0.005609
  ],
  "but": [
   0.002924,
   0.003299
  ],
  "they": [
   0.002485,
   0.003316
  ],
  "were": [
   0.001753,
   0.00323
  ],
  "which": [
   0.002273,
   0.003567
  ],
  "one": [
   0.002315,
   0.002841
  ],
  "he": [
   0.002135,
   0.004999
  ],
  "their": [
   0.001885,
   0.002486
  ],
  "can": [
   0.002808,
   0.003278
  ],
  "all": [
   0.00276,
   0.003491
  ],
  "has": [
   0.002614,
   0.003661
  ],
  "more": [
   0.002158,
   0.002655
  ],
  "s": [
   0.001115,
   0.002913
  ],
  "if": [
   0.002741,
   0.003495
  ],
  "would": [
   0.002594,
   0.004029
  ],
  "your": [
   0.004009,
   0.007279
  ],
  "new": [
   0.002109,
   0.00381
  ],
  "his": [
   0.001256,
   0.002965
  ],
  "about": [
   0.002057,
   0.003316
  ],
  "our": [
   0.002958,
   0.005331
  ],
  "its": [
   0.002029,
   0.003867
  ],
  "had": [
   0.001437,
   0.002534
  ],
  "other": [
   0.001783,
   0.002614
  ],
  "who": [
   0.001922,
   0.002988
  ],
  "there": [
   0.001595,
   0.002477
  ],
  "do": [
   0.002123,
   0.003425
  ],
  "when": [
   0.001453,
   0.002037
  ],
  "also": [
   0.001592,
   0.002297
  ],
  "than": [
   0.001321,
   0.00189
  ],
  "these": [
   0.001503,
   0.002626
  ],
  "what": [
   0.001567,
   0.002507
  ],
  "so": [
   0.001682,
   0.00244
  ],
  "been": [
   0.001606,
   0.00269
  ],
  "said": [
   0.002907,
   0.006087
  ],
  "may": [
   0.001858,
   0.003662
  ],
  "time": [
   0.001718,
   0.003095
  ],
  "no": [
   0.001292,
   0.002169
  ],
  "n't": [
   0.002424,
   0.004152
  ],
  "some": [
   0.001231,
   0.002129
  ],
  "like": [
   0.00161,
   0.002621
  ],
  "only": [
   0.001082,
   0.001641
  ],
  "people": [
   0.001663,
   0.003942
  ],
  "out": [
   0.001243,
   0.00199
  ],
  "many": [
   0.001087,
   0.001814
  ],
  "up": [
   0.001385,
   0.002354
  ],
  "two": [
   0.000977,
   0.001868
  ],
  "first": [
   0.0011,
   0.003618
  ],
  "my": [
   0.001618,
   0.004519
  ],
  "any": [
   0.001529,
   0.002615
  ],
  "into": [
   0.000979,
   0.001597
  ],
  "could": [
   0.000978,
   0.001707
  ],
  "her": [
   0.000923,
   0.003131
  ],
  "most": [
   0.000884,
   0.001558
  ],
  "such": [
   0.000873,
   0.001712
  ],
  "them": [
   0.001112,
   0.002301
  ],
  "she": [
   0.00072,
   0.002615
  ],
  "after": [
   0.000778,
   0.001818
  ],
  "over": [
   0.000982,
   0.002207
  ],
  "service": [
   0.000666,
   0.002916
  ],
  "now": [
   0.001269,
   0.002054
  ],
  "us": [
   0.001361,
   0.003003
  ],
  "years": [
   0.000718,
   0.00152
  ],
  "between": [
   0.000682,
   0.001454
  ],
  "those": [
   0.000659,
   0.001383
  ],
  "because": [
   0.000951,
   0.00186
  ],
  "make": [
   0.001153,
   0.002268
  ],
  "where": [
   0.000838,
   0.002102
  ],
  "while": [
   0.000623,
   0.001539
  ],
  "work": [
   0.001084,
   0.00243
  ],
  "through": [
   0.000769,
   0.001549
  ],
  "me": [
   0.001317,
   0.002706
  ],
  "much": [
   0.000773,
   0.00142
  ],
  "just": [
   0.000945,
   0.00168
  ],
  "world": [
   0.000718,
   0.001659
  ],
  "even": [
   0.000673,
   0.001425
  ],
  "way": [
   0.00084,
   0.001512
  ],
  "help": [
   0.001623,
   0.003568
  ],
  "how": [
   0.000877,
   0.001861
  ],
  "did": [
   0.000801,
   0.001708
  ],
  "does": [
   0.000781,
   0.001923
  ],
  "see": [
   0.001013,
   0.002612
  ],
  "information": [
   0.001257,
   0.003178
  ],
  "both": [
   0.000431,
   0.001046
  ],
  "need": [
   0.001315,
   0.002371
  ],
  "city": [
   0.000761,
   0.002295
  ],
  "well": [
   0.000676,
   0.001604
  ],
  "year": [
   0.001812,
   0.004019
  ],
  "know": [
   0.000885,
   0.001954
  ],
  "president": [
   0.000657,
   0.00192
  ],
  "states": [
   0.000309,
   0.001071
  ],
  "use": [
   0.000807,
   0.001659
  ],
  "same": [
   0.000448,
   0.001079
  ],
  "state": [
   0.000513,
   0.001798
  ],
  "get": [
   0.001001,
   0.001836
  ],
  "hong": [
   0.00029,
   0.00219
  ],
  "kong": [
   0.00029,
   0.00219
  ],
  "subject": [
   0.002341,
   0.004224
  ],
  "should": [
   0.000771,
   0.001672
  ],
  "pm": [
   0.000976,
   0.002808
  ],
  "before": [
   0.000491,
   0.001167
  ],
  "being": [
   0.00071,
   0.001692
  ],
  "right": [
   0.000781,
   0.001989
  ],
  "here": [
   0.000525,
   0.001287
  ],
  "then": [
   0.000611,
   0.001241
  ],
  "support": [
   0.001278,
   0.002764
  ],
  "example": [
   0.000371,
   0.001666
  ],
  "am": [
   0.001352,
   0.002922
  ],
  "million": [
   0.00328,
   0.011725
  ],
  "made": [
   0.000497,
   0.001023
  ],
  "very": [
   0.000733,
   0.001646
  ],
  "own": [
   0.00065,
   0.001652
  ],
  "good": [
   0.000794,
   0.002038
  ],
  "since": [
   0.000649,
   0.001548
  ],
  "used": [
   0.000506,
   0.001136
  ],
  "today": [
   0.001059,
   0.002522
  ],
  "set": [
   0.000778,
   0.00232
  ],
  "each": [
   0.000789,
   0.002377
  ],
  "system": [
   0.000515,
   0.001862
  ],
  "american": [
   0.000321,
   0.001069
  ],
  "life": [
   0.000607,
   0.001393
  ],
  "however": [
   0.000463,
   0.001042
  ],
  "end": [
   0.000397,
   0.00107
  ]
 }
}